SVĐ Bình Dương,Đường 30/4, Đại lộ Bình Dương, TP Thủ Dầu Một, Bình Dương,https://vpf.vn/wp-content/uploads/2018/10/sanvandong_Binh-Duong.jpg
SVĐ Hàng Đẫy,Số 9 Trịnh Hoài Đức, P. Cát Linh, Q. Đống Đa, TP Hà Nội,
SVĐ Thanh Hóa,37 Lê Quý Đôn, Ba Đình, TP Thanh Hóa, Thanh Hóa.,https://vpf.vn/wp-content/uploads/2018/10/sanvandong_Thanh-Hoa.jpg
SVĐ Hàng Đẫy,Số 9 Trịnh Hoài Đức, P. Cát Linh, Q. Đống Đa, TP Hà Nội,
SVĐ Lạch Tray,Số 17 Lạch Tray, Ngô Quyền,Hải Phòng,
SVĐ Pleiku,22 Quang Trung, đường Tây Sơn, Pleiku, Gia Lai,
SVĐ Hà Tĩnh,Số 5 đường Nguyễn Biểu, P.Nam Hà, Hà Tĩnh,
SVĐ 19/8 Nha Trang,Đường Yersin, Vạn Thạnh, TP Nha Trang, Khánh Hòa,https://vpf.vn/wp-content/uploads/2018/10/sanvandong_19-8-Nha-Trang.jpg
SVĐ Quảng Nam,Tổ 8 phường Hòa Hưng, TP Tam Kỳ, Quảng Nam,https://vpf.vn/wp-content/uploads/2018/10/sanvandong_Quang-Nam.jpg
SVĐ Quy Nhơn,236B Lê Hồng Phong - TP Quy Nhơn,
SVĐ Vinh,số 6 Đào Tấn, Tp Vinh, Nghệ An,
SVĐ Thiên Trường,Số 5 Đặng Xuân Thiều, phường Vị Hoàng, TP Nam Định, Nam Định,
SVĐ Thống Nhất,30 Nguyễn Kim, P6, Q10, TPHCM,
SVĐ Hàng Đẫy,Số 9 Trịnh Hoài Đức, P. Cát Linh, Q. Đống Đa, TP Hà Nội,
